"","X.1","X","Account.Number","Customer.ID","Due.Date","Modified.Date","Online.Order.Flag","Order.Date","Sales.Person.ID","Sales.Order.Number","Ship.Date","Freight","Sub.Total","Tax.Amt","Total.Due","Product"
"1510",3444,2854,"10-4030-011394",11394,"2007-08-18","2007-08-13",TRUE,"2007-08-06",NA,"SO52108","2007-08-13",58.573,2342.92,187.4336,2588.9266,"Product Code:58"
"1520",3454,3752,"10-4030-012742",12742,"2007-08-18","2007-08-13",TRUE,"2007-08-06",NA,"SO52110","2007-08-13",59.8743,2394.97,191.5976,2646.4419,"Product Code:59"
"1530",3464,6545,"10-4030-018664",18664,"2007-08-18","2007-08-13",TRUE,"2007-08-06",NA,"SO52132","2007-08-13",0.3495,13.98,1.1184,15.4479,"Product Code:0"
"1540",3474,7921,"10-4030-022950",22950,"2007-08-18","2007-08-13",TRUE,"2007-08-06",NA,"SO52148","2007-08-13",43.3995,1735.98,138.8784,1918.2579,"Product Code:43"
"1550",3484,9441,"10-4030-027800",27800,"2007-08-18","2007-08-13",TRUE,"2007-08-06",NA,"SO52151","2007-08-13",28.0123,1120.49,89.6392,1238.1415,"Product Code:28"
"1570",3416,5474,"10-4030-015861",15861,"2007-08-17","2007-08-12",TRUE,"2007-08-05",NA,"SO52094","2007-08-12",0.182,7.28,0.5824,8.0444,"Product Code:0"
"1580",3426,7524,"10-4030-021366",21366,"2007-08-17","2007-08-12",TRUE,"2007-08-05",NA,"SO52071","2007-08-12",0.9995,39.98,3.1984,44.1779,"Product Code:0"
"1590",3436,9202,"10-4030-027184",27184,"2007-08-17","2007-08-12",TRUE,"2007-08-05",NA,"SO52100","2007-08-12",2.2493,89.97,7.1976,99.4169,"Product Code:2"
"1600",3358,2966,"10-4030-011488",11488,"2007-08-16","2007-08-11",TRUE,"2007-08-04",NA,"SO52022","2007-08-11",58.057,2322.28,185.7824,2566.1194,"Product Code:58"
"1610",3368,5667,"10-4030-016384",16384,"2007-08-16","2007-08-11",TRUE,"2007-08-04",NA,"SO52043","2007-08-11",0.182,7.28,0.5824,8.0444,"Product Code:0"
"1630",3388,8053,"10-4030-023466",23466,"2007-08-16","2007-08-11",TRUE,"2007-08-04",NA,"SO52038","2007-08-11",0.7498,29.99,2.3992,33.139,"Product Code:0"
"1640",3398,9948,"10-4030-029287",29287,"2007-08-16","2007-08-11",TRUE,"2007-08-04",NA,"SO52026","2007-08-11",0.1248,4.99,0.3992,5.514,"Product Code:0"
"1650",3308,3339,"10-4030-012053",12053,"2007-08-15","2007-08-10",TRUE,"2007-08-03",NA,"SO52011","2007-08-10",59.8743,2394.97,191.5976,2646.4419,"Product Code:59"
"1660",3318,4467,"10-4030-014052",14052,"2007-08-15","2007-08-10",TRUE,"2007-08-03",NA,"SO51969","2007-08-10",0.682,27.28,2.1824,30.1444,"Product Code:0"
"1670",3328,5810,"10-4030-016609",16609,"2007-08-15","2007-08-10",TRUE,"2007-08-03",NA,"SO51971","2007-08-10",2.1238,84.95,6.796,93.8698,"Product Code:2"
"1690",3348,8595,"10-4030-025799",25799,"2007-08-15","2007-08-10",TRUE,"2007-08-03",NA,"SO51999","2007-08-10",0.3495,13.98,1.1184,15.4479,"Product Code:0"
"1700",3261,2885,"10-4030-011420",11420,"2007-08-14","2007-08-09",TRUE,"2007-08-02",NA,"SO51923","2007-08-09",59.424,2376.96,190.1568,2626.5408,"Product Code:59"
"1710",3271,5160,"10-4030-015319",15319,"2007-08-14","2007-08-09",TRUE,"2007-08-02",NA,"SO51948","2007-08-09",0.182,7.28,0.5824,8.0444,"Product Code:0"
"1720",3281,7131,"10-4030-020183",20183,"2007-08-14","2007-08-09",TRUE,"2007-08-02",NA,"SO51958","2007-08-09",61.2825,2451.3,196.104,2708.6865,"Product Code:61"
"1730",3291,8516,"10-4030-025310",25310,"2007-08-14","2007-08-09",TRUE,"2007-08-02",NA,"SO51953","2007-08-09",1.5118,60.47,4.8376,66.8194,"Product Code:1"
"1750",3036,236,"10-4020-000063",29968,"2007-08-13","2007-08-08",FALSE,"2007-08-01",279,"SO51824","2007-08-08",1615.9473,53024.0016,5171.0313,59810.9802,"Product Code:1615"
"1760",3046,315,"10-4020-000085",29923,"2007-08-13","2007-08-08",FALSE,"2007-08-01",290,"SO51857","2007-08-08",3242.4072,94139.2728,10375.703,107757.383,"Product Code:3242"
"1770",3056,415,"10-4020-000115",29949,"2007-08-13","2007-08-08",FALSE,"2007-08-01",276,"SO51707","2007-08-08",24.1108,790.728,77.1545,891.9933,"Product Code:24"
"1780",3066,620,"10-4020-000167",29716,"2007-08-13","2007-08-08",FALSE,"2007-08-01",281,"SO51773","2007-08-08",1069.823,35821.6748,3423.4336,40314.9314,"Product Code:1069"
"1790",3076,763,"10-4020-000213",29538,"2007-08-13","2007-08-08",FALSE,"2007-08-01",286,"SO51710","2007-08-08",630.4245,18061.4216,2017.3583,20709.2044,"Product Code:630"
"1810",3096,1030,"10-4020-000289",29571,"2007-08-13","2007-08-08",FALSE,"2007-08-01",284,"SO51723","2007-08-08",103.9581,3492.012,332.6659,3928.636,"Product Code:103"
"1820",3106,1150,"10-4020-000321",29547,"2007-08-13","2007-08-08",FALSE,"2007-08-01",286,"SO51872","2007-08-08",11.0044,356.898,35.2139,403.1163,"Product Code:11"
"1830",3116,1271,"10-4020-000352",29910,"2007-08-13","2007-08-08",FALSE,"2007-08-01",289,"SO51832","2007-08-08",1317.7996,44160.5991,4216.9588,49695.3575,"Product Code:1317"
"1840",3126,1340,"10-4020-000378",30054,"2007-08-13","2007-08-08",FALSE,"2007-08-01",277,"SO51794","2007-08-08",40.806,1323.438,130.5792,1494.8232,"Product Code:40"
"1850",3136,1445,"10-4020-000411",29657,"2007-08-13","2007-08-08",FALSE,"2007-08-01",286,"SO51744","2007-08-08",9.7699,316.86,31.2635,357.8934,"Product Code:9"
"1870",3156,1744,"10-4020-000495",29756,"2007-08-13","2007-08-08",FALSE,"2007-08-01",279,"SO51868","2007-08-08",6.2386,202.332,19.9634,228.534,"Product Code:6"
"1880",3166,1900,"10-4020-000541",29588,"2007-08-13","2007-08-08",FALSE,"2007-08-01",284,"SO51865","2007-08-08",15.5786,514.008,49.8515,579.4381,"Product Code:15"
"1890",3176,2095,"10-4020-000596",29753,"2007-08-13","2007-08-08",FALSE,"2007-08-01",283,"SO51863","2007-08-08",13.8508,461.694,44.3226,519.8674,"Product Code:13"
"1900",3186,2182,"10-4020-000629",29863,"2007-08-13","2007-08-08",FALSE,"2007-08-01",289,"SO51851","2007-08-08",125.718,3521.495,402.2977,4049.5107,"Product Code:125"
"1910",3196,2312,"10-4020-000667",29828,"2007-08-13","2007-08-08",FALSE,"2007-08-01",277,"SO51790","2007-08-08",462.7463,15148.1025,1480.7882,17091.637,"Product Code:462"
"1930",3216,3442,"10-4030-012204",12204,"2007-08-13","2007-08-08",TRUE,"2007-08-01",NA,"SO51880","2007-08-08",0.5743,22.97,1.8376,25.3819,"Product Code:0"
"1940",3226,5071,"10-4030-015138",15138,"2007-08-13","2007-08-08",TRUE,"2007-08-01",NA,"SO51883","2007-08-08",0.8748,34.99,2.7992,38.664,"Product Code:0"
"1950",3236,6462,"10-4030-018293",18293,"2007-08-13","2007-08-08",TRUE,"2007-08-01",NA,"SO51886","2007-08-08",0.0573,2.29,0.1832,2.5305,"Product Code:0"
"1960",3246,8157,"10-4030-023941",23941,"2007-08-13","2007-08-08",TRUE,"2007-08-01",NA,"SO51905","2007-08-08",0.9745,38.98,3.1184,43.0729,"Product Code:0"
"1970",3006,2521,"10-4030-011057",11057,"2007-08-12","2007-08-07",TRUE,"2007-07-31",NA,"SO51682","2007-08-07",57.9998,2319.99,185.5992,2563.589,"Product Code:57"
"1990",2996,2695,"10-4030-011252",11252,"2007-08-11","2007-08-06",TRUE,"2007-07-30",NA,"SO51665","2007-08-06",58.5493,2341.97,187.3576,2587.8769,"Product Code:58"
"2000",2969,2476,"10-4030-011011",11011,"2007-08-10","2007-08-05",TRUE,"2007-07-29",NA,"SO51650","2007-08-05",57.3748,2294.99,183.5992,2535.964,"Product Code:57"
"2010",2979,4301,"10-4030-013778",13778,"2007-08-10","2007-08-05",TRUE,"2007-07-29",NA,"SO51638","2007-08-05",20.487,819.48,65.5584,905.5254,"Product Code:20"
"2020",2989,7593,"10-4030-021576",21576,"2007-08-10","2007-08-05",TRUE,"2007-07-29",NA,"SO51655","2007-08-05",13.7245,548.98,43.9184,606.6229,"Product Code:13"
"2030",2958,6630,"10-4030-018957",18957,"2007-08-09","2007-08-04",TRUE,"2007-07-28",NA,"SO51625","2007-08-04",14.7315,589.26,47.1408,651.1323,"Product Code:14"
"2050",2947,7434,"10-4030-021056",21056,"2007-08-08","2007-08-03",TRUE,"2007-07-27",NA,"SO51605","2007-08-03",44.124,1764.96,141.1968,1950.2808,"Product Code:44"
"2060",2924,2624,"10-4030-011175",11175,"2007-08-07","2007-08-02",TRUE,"2007-07-26",NA,"SO51591","2007-08-02",58.5493,2341.97,187.3576,2587.8769,"Product Code:58"
"2070",2934,8546,"10-4030-025608",25608,"2007-08-07","2007-08-02",TRUE,"2007-07-26",NA,"SO51601","2007-08-02",13.4998,539.99,43.1992,596.689,"Product Code:13"
"2080",2911,5542,"10-4030-016015",16015,"2007-08-06","2007-08-01",TRUE,"2007-07-25",NA,"SO51583","2007-08-01",14.3745,574.98,45.9984,635.3529,"Product Code:14"
"2090",2878,2486,"10-4030-011022",11022,"2007-08-05","2007-07-31",TRUE,"2007-07-24",NA,"SO51556","2007-07-31",58.057,2322.28,185.7824,2566.1194,"Product Code:58"
"2110",2898,7956,"10-4030-023104",23104,"2007-08-05","2007-07-31",TRUE,"2007-07-24",NA,"SO51558","2007-07-31",32.7118,1308.47,104.6776,1445.8594,"Product Code:32"
"2120",2865,6401,"10-4030-018219",18219,"2007-08-04","2007-07-30",TRUE,"2007-07-23",NA,"SO51528","2007-07-30",61.5073,2460.29,196.8232,2718.6205,"Product Code:61"
"2130",2875,7904,"10-4030-022931",22931,"2007-08-04","2007-07-30",TRUE,"2007-07-23",NA,"SO51535","2007-07-30",42.5248,1700.99,136.0792,1879.594,"Product Code:42"
"2140",2853,6122,"10-4030-017700",17700,"2007-08-03","2007-07-29",TRUE,"2007-07-22",NA,"SO51514","2007-07-29",15.5993,623.97,49.9176,689.4869,"Product Code:15"
"2150",2837,3058,"10-4030-011616",11616,"2007-08-02","2007-07-28",TRUE,"2007-07-21",NA,"SO51506","2007-07-28",19.607,784.28,62.7424,866.6294,"Product Code:19"
"2170",2824,6392,"10-4030-018213",18213,"2007-08-01","2007-07-27",TRUE,"2007-07-20",NA,"SO51478","2007-07-27",62.308,2492.32,199.3856,2754.0136,"Product Code:62"
"2180",2834,9112,"10-4030-026862",26862,"2007-08-01","2007-07-27",TRUE,"2007-07-20",NA,"SO51501","2007-07-27",31.246,1249.84,99.9872,1381.0732,"Product Code:31"
"2190",2807,6711,"10-4030-019202",19202,"2007-07-31","2007-07-26",TRUE,"2007-07-19",NA,"SO51474","2007-07-26",29.262,1170.48,93.6384,1293.3804,"Product Code:29"
"2200",2795,7869,"10-4030-022828",22828,"2007-07-30","2007-07-25",TRUE,"2007-07-18",NA,"SO51457","2007-07-25",61.2825,2451.3,196.104,2708.6865,"Product Code:61"
"2210",2780,3390,"10-4030-012124",12124,"2007-07-29","2007-07-24",TRUE,"2007-07-17",NA,"SO51441","2007-07-24",61.2825,2451.3,196.104,2708.6865,"Product Code:61"
"2230",2770,7558,"10-4030-021488",21488,"2007-07-28","2007-07-23",TRUE,"2007-07-16",NA,"SO51437","2007-07-23",15.9738,638.95,51.116,706.0398,"Product Code:15"
"2240",2747,3017,"10-4030-011550",11550,"2007-07-27","2007-07-22",TRUE,"2007-07-15",NA,"SO51416","2007-07-22",19.4335,777.34,62.1872,858.9607,"Product Code:19"
"2250",2757,7784,"10-4030-022312",22312,"2007-07-27","2007-07-22",TRUE,"2007-07-15",NA,"SO51412","2007-07-22",61.956,2478.24,198.2592,2738.4552,"Product Code:61"
"2260",2732,6865,"10-4030-019437",19437,"2007-07-26","2007-07-21",TRUE,"2007-07-14",NA,"SO51391","2007-07-21",61.9985,2479.94,198.3952,2740.3337,"Product Code:61"
"2270",2709,2538,"10-4030-011072",11072,"2007-07-25","2007-07-20",TRUE,"2007-07-13",NA,"SO51386","2007-07-20",59.899,2395.96,191.6768,2647.5358,"Product Code:59"
"2290",2697,5299,"10-4030-015557",15557,"2007-07-24","2007-07-19",TRUE,"2007-07-12",NA,"SO51363","2007-07-19",13.8743,554.97,44.3976,613.2419,"Product Code:13"
"2300",2707,9133,"10-4030-026995",26995,"2007-07-24","2007-07-19",TRUE,"2007-07-12",NA,"SO51372","2007-07-19",28.637,1145.48,91.6384,1265.7554,"Product Code:28"
"2310",2679,3526,"10-4030-012301",12301,"2007-07-23","2007-07-18",TRUE,"2007-07-11",NA,"SO51341","2007-07-18",62.0558,2482.23,198.5784,2742.8642,"Product Code:62"
"2320",2689,7766,"10-4030-022260",22260,"2007-07-23","2007-07-18",TRUE,"2007-07-11",NA,"SO51355","2007-07-18",14.0943,563.77,45.1016,622.9659,"Product Code:14"
"2330",2661,7400,"10-4030-021004",21004,"2007-07-22","2007-07-17",TRUE,"2007-07-10",NA,"SO51335","2007-07-17",14.037,561.48,44.9184,620.4354,"Product Code:14"
"2350",2645,6631,"10-4030-018958",18958,"2007-07-21","2007-07-16",TRUE,"2007-07-09",NA,"SO51308","2007-07-16",14.1303,565.21,45.2168,624.5571,"Product Code:14"
"2360",2619,2523,"10-4030-011058",11058,"2007-07-20","2007-07-15",TRUE,"2007-07-08",NA,"SO51292","2007-07-15",59.3745,2374.98,189.9984,2624.3529,"Product Code:59"
"2370",2629,6839,"10-4030-019417",19417,"2007-07-20","2007-07-15",TRUE,"2007-07-08",NA,"SO51296","2007-07-15",28.887,1155.48,92.4384,1276.8054,"Product Code:28"
"2380",2607,5852,"10-4030-016693",16693,"2007-07-19","2007-07-14",TRUE,"2007-07-07",NA,"SO51269","2007-07-14",62.0558,2482.23,198.5784,2742.8642,"Product Code:62"
"2390",2617,8589,"10-4030-025779",25779,"2007-07-19","2007-07-14",TRUE,"2007-07-07",NA,"SO51274","2007-07-14",61.9985,2479.94,198.3952,2740.3337,"Product Code:61"
"2410",2593,7864,"10-4030-022785",22785,"2007-07-17","2007-07-12",TRUE,"2007-07-05",NA,"SO51253","2007-07-12",61.2825,2451.3,196.104,2708.6865,"Product Code:61"
"2420",2565,2820,"10-4030-011345",11345,"2007-07-16","2007-07-11",TRUE,"2007-07-04",NA,"SO51224","2007-07-11",58.8748,2354.99,188.3992,2602.264,"Product Code:58"
"2430",2575,8150,"10-4030-023859",23859,"2007-07-16","2007-07-11",TRUE,"2007-07-04",NA,"SO51240","2007-07-11",14.3745,574.98,45.9984,635.3529,"Product Code:14"
"2440",2541,2808,"10-4030-011338",11338,"2007-07-15","2007-07-10",TRUE,"2007-07-03",NA,"SO51207","2007-07-10",59.249,2369.96,189.5968,2618.8058,"Product Code:59"
"2450",2551,7592,"10-4030-021575",21575,"2007-07-15","2007-07-10",TRUE,"2007-07-03",NA,"SO51220","2007-07-10",13.7245,548.98,43.9184,606.6229,"Product Code:13"
"2470",2536,9447,"10-4030-027820",27820,"2007-07-14","2007-07-09",TRUE,"2007-07-02",NA,"SO51201","2007-07-09",60.4765,2419.06,193.5248,2673.0613,"Product Code:60"
"2480",2424,400,"10-4020-000110",30070,"2007-07-13","2007-07-08",FALSE,"2007-07-01",280,"SO51148","2007-07-08",1395.7427,41100.9587,4466.3765,46963.0779,"Product Code:1395"
"2490",2434,669,"10-4020-000183",29654,"2007-07-13","2007-07-08",FALSE,"2007-07-01",275,"SO51129","2007-07-08",153.0633,5156.682,489.8024,5799.5477,"Product Code:153"
"2500",2444,877,"10-4020-000242",29999,"2007-07-13","2007-07-08",FALSE,"2007-07-01",279,"SO51118","2007-07-08",0.824,26.724,2.6368,30.1848,"Product Code:0"
"2510",2454,1082,"10-4020-000305",29694,"2007-07-13","2007-07-08",FALSE,"2007-07-01",277,"SO51119","2007-07-08",74.8295,1725.8568,239.4544,2040.1407,"Product Code:74"
"2530",2474,1606,"10-4020-000458",30084,"2007-07-13","2007-07-08",FALSE,"2007-07-01",279,"SO51162","2007-07-08",11.0044,356.898,35.2139,403.1163,"Product Code:11"
"2540",2484,1825,"10-4020-000523",29783,"2007-07-13","2007-07-08",FALSE,"2007-07-01",276,"SO51151","2007-07-08",1959.3443,64785.1613,6269.9019,73014.4075,"Product Code:1959"
"2550",2494,2096,"10-4020-000597",29850,"2007-07-13","2007-07-08",FALSE,"2007-07-01",275,"SO51142","2007-07-08",67.6539,2232.84,216.4924,2516.9863,"Product Code:67"
"2560",2504,2317,"10-4020-000668",29981,"2007-07-13","2007-07-08",FALSE,"2007-07-01",284,"SO51145","2007-07-08",440.0559,14614.3177,1408.1789,16462.5525,"Product Code:440"
"2570",2514,5643,"10-4030-016313",16313,"2007-07-13","2007-07-08",TRUE,"2007-07-01",NA,"SO51180","2007-07-08",63.5578,2542.31,203.3848,2809.2526,"Product Code:63"
"2590",2399,5538,"10-4030-015992",15992,"2007-07-11","2007-07-06",TRUE,"2007-06-29",NA,"SO51067","2007-07-06",19.5748,782.99,62.6392,865.204,"Product Code:19"
"2600",2389,5413,"10-4030-015734",15734,"2007-07-10","2007-07-05",TRUE,"2007-06-28",NA,"SO51059","2007-07-05",51.7855,2071.4196,165.7136,2288.9187,"Product Code:51"
"2610",2373,4416,"10-4030-013976",13976,"2007-07-09","2007-07-04",TRUE,"2007-06-27",NA,"SO51046","2007-07-04",54.5391,2181.5625,174.525,2410.6266,"Product Code:54"
"2620",2383,6659,"10-4030-019049",19049,"2007-07-09","2007-07-04",TRUE,"2007-06-27",NA,"SO51043","2007-07-04",61.0838,2443.35,195.468,2699.9018,"Product Code:61"
"2630",2355,2959,"10-4030-011483",11483,"2007-07-07","2007-07-02",TRUE,"2007-06-25",NA,"SO51022","2007-07-02",51.7855,2071.4196,165.7136,2288.9187,"Product Code:51"
"2650",2335,4418,"10-4030-013978",13978,"2007-07-05","2007-06-30",TRUE,"2007-06-23",NA,"SO51004","2007-06-30",61.0838,2443.35,195.468,2699.9018,"Product Code:61"
"2660",2330,6771,"10-4030-019316",19316,"2007-07-04","2007-06-29",TRUE,"2007-06-22",NA,"SO50998","2007-06-29",25.0109,1000.4375,80.035,1105.4834,"Product Code:25"
"2670",2318,6669,"10-4030-019073",19073,"2007-07-03","2007-06-28",TRUE,"2007-06-21",NA,"SO50982","2007-06-28",61.0838,2443.35,195.468,2699.9018,"Product Code:61"
"2680",2328,9355,"10-4030-027540",27540,"2007-07-03","2007-06-28",TRUE,"2007-06-21",NA,"SO50980","2007-06-28",51.7855,2071.4196,165.7136,2288.9187,"Product Code:51"
"2690",2312,9389,"10-4030-027602",27602,"2007-07-02","2007-06-27",TRUE,"2007-06-20",NA,"SO50973","2007-06-27",19.5748,782.99,62.6392,865.204,"Product Code:19"
"2710",2286,6653,"10-4030-019037",19037,"2007-06-30","2007-06-25",TRUE,"2007-06-18",NA,"SO50948","2007-06-25",61.0838,2443.35,195.468,2699.9018,"Product Code:61"
"2720",2278,8306,"10-4030-024478",24478,"2007-06-29","2007-06-24",TRUE,"2007-06-17",NA,"SO50945","2007-06-24",54.5391,2181.5625,174.525,2410.6266,"Product Code:54"
"2730",2250,3025,"10-4030-011571",11571,"2007-06-27","2007-06-22",TRUE,"2007-06-15",NA,"SO50920","2007-06-22",51.7855,2071.4196,165.7136,2288.9187,"Product Code:51"
"2740",2260,8321,"10-4030-024504",24504,"2007-06-27","2007-06-22",TRUE,"2007-06-15",NA,"SO50927","2007-06-22",61.0838,2443.35,195.468,2699.9018,"Product Code:61"
"2750",2245,8308,"10-4030-024481",24481,"2007-06-26","2007-06-21",TRUE,"2007-06-14",NA,"SO50913","2007-06-21",61.0838,2443.35,195.468,2699.9018,"Product Code:61"
"2770",2223,5574,"10-4030-016160",16160,"2007-06-24","2007-06-19",TRUE,"2007-06-12",NA,"SO50894","2007-06-19",51.2275,2049.0982,163.9279,2264.2536,"Product Code:51"
"2780",2212,5419,"10-4030-015752",15752,"2007-06-23","2007-06-18",TRUE,"2007-06-11",NA,"SO50879","2007-06-18",51.7855,2071.4196,165.7136,2288.9187,"Product Code:51"
"2790",2198,5522,"10-4030-015964",15964,"2007-06-22","2007-06-17",TRUE,"2007-06-10",NA,"SO50867","2007-06-17",19.5748,782.99,62.6392,865.204,"Product Code:19"
"2800",2187,5572,"10-4030-016158",16158,"2007-06-21","2007-06-16",TRUE,"2007-06-09",NA,"SO50857","2007-06-16",51.2275,2049.0982,163.9279,2264.2536,"Product Code:51"
"2810",2173,4419,"10-4030-013979",13979,"2007-06-20","2007-06-15",TRUE,"2007-06-08",NA,"SO50846","2007-06-15",61.0838,2443.35,195.468,2699.9018,"Product Code:61"
"2830",2165,7571,"10-4030-021540",21540,"2007-06-19","2007-06-14",TRUE,"2007-06-07",NA,"SO50829","2007-06-14",19.5748,782.99,62.6392,865.204,"Product Code:19"
"2840",2153,6296,"10-4030-017989",17989,"2007-06-18","2007-06-13",TRUE,"2007-06-06",NA,"SO50817","2007-06-13",54.5391,2181.5625,174.525,2410.6266,"Product Code:54"
"2850",2144,6287,"10-4030-017980",17980,"2007-06-17","2007-06-12",TRUE,"2007-06-05",NA,"SO50806","2007-06-12",61.0838,2443.35,195.468,2699.9018,"Product Code:61"
"2860",2137,6270,"10-4030-017964",17964,"2007-06-16","2007-06-11",TRUE,"2007-06-04",NA,"SO50797","2007-06-11",54.5391,2181.5625,174.525,2410.6266,"Product Code:54"
"2870",2129,9335,"10-4030-027490",27490,"2007-06-15","2007-06-10",TRUE,"2007-06-03",NA,"SO50796","2007-06-10",19.5748,782.99,62.6392,865.204,"Product Code:19"
"2890",1997,92,"10-4020-000021",29956,"2007-06-13","2007-06-08",FALSE,"2007-06-01",275,"SO50749","2007-06-08",777.2852,25585.0564,2487.3126,28849.6542,"Product Code:777"
"2900",2007,250,"10-4020-000067",29927,"2007-06-13","2007-06-08",FALSE,"2007-06-01",290,"SO50665","2007-06-08",6.6178,214.6328,21.1771,242.4277,"Product Code:6"
"2910",2017,531,"10-4020-000147",29663,"2007-06-13","2007-06-08",FALSE,"2007-06-01",275,"SO50705","2007-06-08",322.9135,10763.151,1033.3231,12119.3876,"Product Code:322"
"2920",2027,700,"10-4020-000197",29891,"2007-06-13","2007-06-08",FALSE,"2007-06-01",277,"SO50682","2007-06-08",1163.7759,38777.8774,3724.0827,43665.736,"Product Code:1163"
"2930",2037,1039,"10-4020-000291",29535,"2007-06-13","2007-06-08",FALSE,"2007-06-01",275,"SO50695","2007-06-08",12.9041,418.512,41.2932,472.7093,"Product Code:12"
"2950",2057,1683,"10-4020-000481",30043,"2007-06-13","2007-06-08",FALSE,"2007-06-01",290,"SO50673","2007-06-08",1241.8823,41158.8457,3974.0235,46374.7515,"Product Code:1241"
"2960",2067,1965,"10-4020-000561",29508,"2007-06-13","2007-06-08",FALSE,"2007-06-01",275,"SO50670","2007-06-08",15.5562,523.788,49.7797,589.1239,"Product Code:15"
"2970",2077,2174,"10-4020-000624",29842,"2007-06-13","2007-06-08",FALSE,"2007-06-01",281,"SO50713","2007-06-08",22.3551,737.7278,71.5364,831.6193,"Product Code:22"
"2980",2087,2342,"10-4020-000674",29982,"2007-06-13","2007-06-08",FALSE,"2007-06-01",276,"SO50737","2007-06-08",73.2338,2451.0507,234.3481,2758.6326,"Product Code:73"
"2990",2097,5743,"10-4030-016513",16513,"2007-06-13","2007-06-08",TRUE,"2007-06-01",NA,"SO50763","2007-06-08",54.5391,2181.5625,174.525,2410.6266,"Product Code:54"
"3010",1983,6758,"10-4030-019298",19298,"2007-06-12","2007-06-07",TRUE,"2007-05-31",NA,"SO50646","2007-06-07",25.0109,1000.4375,80.035,1105.4834,"Product Code:25"
"3020",1961,5122,"10-4030-015218",15218,"2007-06-11","2007-06-06",TRUE,"2007-05-30",NA,"SO50634","2007-06-06",51.2275,2049.0982,163.9279,2264.2536,"Product Code:51"
"3030",1971,8232,"10-4030-024283",24283,"2007-06-11","2007-06-06",TRUE,"2007-05-30",NA,"SO50638","2007-06-06",54.5391,2181.5625,174.525,2410.6266,"Product Code:54"
"3040",1957,9307,"10-4030-027431",27431,"2007-06-10","2007-06-05",TRUE,"2007-05-29",NA,"SO50618","2007-06-05",51.2275,2049.0982,163.9279,2264.2536,"Product Code:51"
"3050",1946,8259,"10-4030-024366",24366,"2007-06-09","2007-06-04",TRUE,"2007-05-28",NA,"SO50616","2007-06-04",61.0838,2443.35,195.468,2699.9018,"Product Code:61"
"3070",1924,9249,"10-4030-027274",27274,"2007-06-07","2007-06-02",TRUE,"2007-05-26",NA,"SO50588","2007-06-02",51.2275,2049.0982,163.9279,2264.2536,"Product Code:51"
"3080",1917,8242,"10-4030-024305",24305,"2007-06-06","2007-06-01",TRUE,"2007-05-25",NA,"SO50580","2007-06-01",54.5391,2181.5625,174.525,2410.6266,"Product Code:54"
"3090",1904,7443,"10-4030-021093",21093,"2007-06-05","2007-05-31",TRUE,"2007-05-24",NA,"SO50568","2007-05-31",19.5748,782.99,62.6392,865.204,"Product Code:19"
"3100",1886,4391,"10-4030-013927",13927,"2007-06-04","2007-05-30",TRUE,"2007-05-23",NA,"SO50556","2007-05-30",54.5391,2181.5625,174.525,2410.6266,"Product Code:54"
"3110",1872,3781,"10-4030-012806",12806,"2007-06-03","2007-05-29",TRUE,"2007-05-22",NA,"SO50541","2007-05-29",51.2275,2049.0982,163.9279,2264.2536,"Product Code:51"
"3130",1870,9266,"10-4030-027295",27295,"2007-06-02","2007-05-28",TRUE,"2007-05-21",NA,"SO50529","2007-05-28",51.2275,2049.0982,163.9279,2264.2536,"Product Code:51"
"3140",1860,9253,"10-4030-027279",27279,"2007-06-01","2007-05-27",TRUE,"2007-05-20",NA,"SO50521","2007-05-27",51.7855,2071.4196,165.7136,2288.9187,"Product Code:51"
"3150",1844,8258,"10-4030-024365",24365,"2007-05-30","2007-05-25",TRUE,"2007-05-18",NA,"SO50510","2007-05-25",54.5391,2181.5625,174.525,2410.6266,"Product Code:54"
"3160",1828,4703,"10-4030-014434",14434,"2007-05-28","2007-05-23",TRUE,"2007-05-16",NA,"SO50498","2007-05-23",25.0109,1000.4375,80.035,1105.4834,"Product Code:25"
"3170",1821,5402,"10-4030-015717",15717,"2007-05-27","2007-05-22",TRUE,"2007-05-15",NA,"SO50489","2007-05-22",51.2275,2049.0982,163.9279,2264.2536,"Product Code:51"
"3190",1799,6356,"10-4030-018166",18166,"2007-05-25","2007-05-20",TRUE,"2007-05-13",NA,"SO50463","2007-05-20",61.0838,2443.35,195.468,2699.9018,"Product Code:61"
"3200",1787,5695,"10-4030-016416",16416,"2007-05-24","2007-05-19",TRUE,"2007-05-12",NA,"SO50450","2007-05-19",61.0838,2443.35,195.468,2699.9018,"Product Code:61"
"3210",1772,2863,"10-4030-011402",11402,"2007-05-23","2007-05-18",TRUE,"2007-05-11",NA,"SO50442","2007-05-18",51.7855,2071.4196,165.7136,2288.9187,"Product Code:51"
"3220",1782,8482,"10-4030-025127",25127,"2007-05-23","2007-05-18",TRUE,"2007-05-11",NA,"SO50446","2007-05-18",25.0109,1000.4375,80.035,1105.4834,"Product Code:25"
"3230",1760,5514,"10-4030-015944",15944,"2007-05-21","2007-05-16",TRUE,"2007-05-09",NA,"SO50427","2007-05-16",19.5748,782.99,62.6392,865.204,"Product Code:19"
"3250",1757,9248,"10-4030-027273",27273,"2007-05-20","2007-05-15",TRUE,"2007-05-08",NA,"SO50413","2007-05-15",51.7855,2071.4196,165.7136,2288.9187,"Product Code:51"
"3260",1719,3786,"10-4030-012813",12813,"2007-05-18","2007-05-13",TRUE,"2007-05-06",NA,"SO50389","2007-05-13",51.2275,2049.0982,163.9279,2264.2536,"Product Code:51"
"3270",1729,8290,"10-4030-024457",24457,"2007-05-18","2007-05-13",TRUE,"2007-05-06",NA,"SO50399","2007-05-13",54.5391,2181.5625,174.525,2410.6266,"Product Code:54"
"3280",1710,6176,"10-4030-017787",17787,"2007-05-17","2007-05-12",TRUE,"2007-05-05",NA,"SO50374","2007-05-12",25.0109,1000.4375,80.035,1105.4834,"Product Code:25"
"3290",1697,5138,"10-4030-015265",15265,"2007-05-16","2007-05-11",TRUE,"2007-05-04",NA,"SO50368","2007-05-11",51.2275,2049.0982,163.9279,2264.2536,"Product Code:51"
"3310",1693,8238,"10-4030-024301",24301,"2007-05-15","2007-05-10",TRUE,"2007-05-03",NA,"SO50360","2007-05-10",61.0838,2443.35,195.468,2699.9018,"Product Code:61"
"3320",1677,8852,"10-4030-026310",26310,"2007-05-14","2007-05-09",TRUE,"2007-05-02",NA,"SO50343","2007-05-09",54.5391,2181.5625,174.525,2410.6266,"Product Code:54"
"3330",1529,170,"10-4020-000043",29935,"2007-05-13","2007-05-08",FALSE,"2007-05-01",276,"SO50210","2007-05-08",1110.0024,36879.256,3552.0076,41541.266,"Product Code:1110"
"3340",1539,313,"10-4020-000084",29705,"2007-05-13","2007-05-08",FALSE,"2007-05-01",278,"SO50284","2007-05-08",1340.0397,44798.9579,4288.127,50427.1246,"Product Code:1340"
"3350",1549,485,"10-4020-000135",29667,"2007-05-13","2007-05-08",FALSE,"2007-05-01",279,"SO50276","2007-05-08",343.9068,11497.0491,1100.5019,12941.4578,"Product Code:343"
"3370",1569,857,"10-4020-000237",29593,"2007-05-13","2007-05-08",FALSE,"2007-05-01",275,"SO50256","2007-05-08",2.3433,86.5212,7.4985,96.363,"Product Code:2"
"3380",1579,1077,"10-4020-000301",30026,"2007-05-13","2007-05-08",FALSE,"2007-05-01",290,"SO50220","2007-05-08",372.6867,12417.261,1192.5974,13982.5451,"Product Code:372"
"3390",1589,1214,"10-4020-000336",29789,"2007-05-13","2007-05-08",FALSE,"2007-05-01",278,"SO50232","2007-05-08",790.9677,26154.5589,2531.0967,29476.6233,"Product Code:790"
"3400",1599,1353,"10-4020-000381",30055,"2007-05-13","2007-05-08",FALSE,"2007-05-01",275,"SO50213","2007-05-08",816.5424,26985.2625,2612.9358,30414.7407,"Product Code:816"
"3410",1609,1534,"10-4020-000433",29617,"2007-05-13","2007-05-08",FALSE,"2007-05-01",284,"SO50314","2007-05-08",1372.2926,45674.4609,4391.3364,51438.0899,"Product Code:1372"
"3430",1629,1892,"10-4020-000540",30009,"2007-05-13","2007-05-08",FALSE,"2007-05-01",277,"SO50243","2007-05-08",604.2578,20139.2416,1933.6249,22677.1243,"Product Code:604"
"3440",1639,2098,"10-4020-000598",30032,"2007-05-13","2007-05-08",FALSE,"2007-05-01",275,"SO50247","2007-05-08",36.8838,1229.4589,118.0281,1384.3708,"Product Code:36"
"3450",1649,2311,"10-4020-000667",29828,"2007-05-13","2007-05-08",FALSE,"2007-05-01",277,"SO50263","2007-05-08",910.8122,30252.3325,2914.5992,34077.7439,"Product Code:910"
"3460",1659,5318,"10-4030-015580",15580,"2007-05-13","2007-05-08",TRUE,"2007-05-01",NA,"SO50333","2007-05-08",51.7855,2071.4196,165.7136,2288.9187,"Product Code:51"
"3470",1669,9312,"10-4030-027447",27447,"2007-05-13","2007-05-08",TRUE,"2007-05-01",NA,"SO50323","2007-05-08",51.7855,2071.4196,165.7136,2288.9187,"Product Code:51"
"3490",1498,5002,"10-4030-015033",15033,"2007-05-10","2007-05-05",TRUE,"2007-04-28",NA,"SO50168","2007-05-05",51.7855,2071.4196,165.7136,2288.9187,"Product Code:51"
"3500",1489,5059,"10-4030-015121",15121,"2007-05-09","2007-05-04",TRUE,"2007-04-27",NA,"SO50157","2007-05-04",51.7855,2071.4196,165.7136,2288.9187,"Product Code:51"
"3510",1479,5433,"10-4030-015771",15771,"2007-05-08","2007-05-03",TRUE,"2007-04-26",NA,"SO50148","2007-05-03",19.5748,782.99,62.6392,865.204,"Product Code:19"
"3520",1465,5005,"10-4030-015037",15037,"2007-05-07","2007-05-02",TRUE,"2007-04-25",NA,"SO50135","2007-05-02",51.7855,2071.4196,165.7136,2288.9187,"Product Code:51"
"3530",1475,9124,"10-4030-026920",26920,"2007-05-07","2007-05-02",TRUE,"2007-04-25",NA,"SO50142","2007-05-02",19.5748,782.99,62.6392,865.204,"Product Code:19"
"3550",1444,8218,"10-4030-024250",24250,"2007-05-05","2007-04-30",TRUE,"2007-04-23",NA,"SO50111","2007-04-30",54.5391,2181.5625,174.525,2410.6266,"Product Code:54"
"3560",1431,5467,"10-4030-015843",15843,"2007-05-03","2007-04-28",TRUE,"2007-04-21",NA,"SO50098","2007-04-28",19.5748,782.99,62.6392,865.204,"Product Code:19"
"3570",1427,6847,"10-4030-019423",19423,"2007-05-02","2007-04-27",TRUE,"2007-04-20",NA,"SO50090","2007-04-27",19.5748,782.99,62.6392,865.204,"Product Code:19"
"3580",1403,3687,"10-4030-012624",12624,"2007-04-30","2007-04-25",TRUE,"2007-04-18",NA,"SO50070","2007-04-25",51.2275,2049.0982,163.9279,2264.2536,"Product Code:51"
"3590",1413,9198,"10-4030-027117",27117,"2007-04-30","2007-04-25",TRUE,"2007-04-18",NA,"SO50074","2007-04-25",51.7855,2071.4196,165.7136,2288.9187,"Product Code:51"
"3610",1383,5682,"10-4030-016404",16404,"2007-04-28","2007-04-23",TRUE,"2007-04-16",NA,"SO50046","2007-04-23",61.0838,2443.35,195.468,2699.9018,"Product Code:61"
"3620",1376,6304,"10-4030-018000",18000,"2007-04-27","2007-04-22",TRUE,"2007-04-15",NA,"SO50039","2007-04-22",61.0838,2443.35,195.468,2699.9018,"Product Code:61"
"3630",1369,9219,"10-4030-027234",27234,"2007-04-26","2007-04-21",TRUE,"2007-04-14",NA,"SO50030","2007-04-21",51.7855,2071.4196,165.7136,2288.9187,"Product Code:51"
"3640",1354,7345,"10-4030-020870",20870,"2007-04-25","2007-04-20",TRUE,"2007-04-13",NA,"SO50016","2007-04-20",19.5748,782.99,62.6392,865.204,"Product Code:19"
"3650",1339,5093,"10-4030-015181",15181,"2007-04-24","2007-04-19",TRUE,"2007-04-12",NA,"SO50007","2007-04-19",51.7855,2071.4196,165.7136,2288.9187,"Product Code:51"
"3670",1320,5058,"10-4030-015120",15120,"2007-04-22","2007-04-17",TRUE,"2007-04-10",NA,"SO49988","2007-04-17",51.2275,2049.0982,163.9279,2264.2536,"Product Code:51"
"3680",1314,4996,"10-4030-015027",15027,"2007-04-21","2007-04-16",TRUE,"2007-04-09",NA,"SO49980","2007-04-16",51.2275,2049.0982,163.9279,2264.2536,"Product Code:51"
"3690",1301,5430,"10-4030-015768",15768,"2007-04-20","2007-04-15",TRUE,"2007-04-08",NA,"SO49969","2007-04-15",19.5748,782.99,62.6392,865.204,"Product Code:19"
"3700",1287,5117,"10-4030-015213",15213,"2007-04-19","2007-04-14",TRUE,"2007-04-07",NA,"SO49953","2007-04-14",51.2275,2049.0982,163.9279,2264.2536,"Product Code:51"
"3710",1281,4988,"10-4030-015015",15015,"2007-04-18","2007-04-13",TRUE,"2007-04-06",NA,"SO49948","2007-04-13",51.2275,2049.0982,163.9279,2264.2536,"Product Code:51"
"3730",1264,5680,"10-4030-016400",16400,"2007-04-16","2007-04-11",TRUE,"2007-04-04",NA,"SO49926","2007-04-11",61.0838,2443.35,195.468,2699.9018,"Product Code:61"
"3740",1257,9274,"10-4030-027338",27338,"2007-04-15","2007-04-10",TRUE,"2007-04-03",NA,"SO49923","2007-04-10",19.5748,782.99,62.6392,865.204,"Product Code:19"
"3750",1249,8207,"10-4030-024177",24177,"2007-04-14","2007-04-09",TRUE,"2007-04-02",NA,"SO49917","2007-04-09",54.5391,2181.5625,174.525,2410.6266,"Product Code:54"
"3760",1161,300,"10-4020-000081",29704,"2007-04-13","2007-04-08",FALSE,"2007-04-01",279,"SO49865","2007-04-08",1279.9094,42502.1691,4095.7102,47877.7887,"Product Code:1279"
"3770",1171,673,"10-4020-000184",29937,"2007-04-13","2007-04-08",FALSE,"2007-04-01",275,"SO49851","2007-04-08",1116.592,37216.7222,3573.0945,41906.4087,"Product Code:1116"
"3790",1191,1219,"10-4020-000337",30114,"2007-04-13","2007-04-08",FALSE,"2007-04-01",290,"SO49830","2007-04-08",13.7511,458.7732,44.0035,516.5278,"Product Code:13"
"3800",1201,1516,"10-4020-000431",29533,"2007-04-13","2007-04-08",FALSE,"2007-04-01",277,"SO49885","2007-04-08",126.2545,4263.1696,404.0143,4793.4384,"Product Code:126"
"3810",1211,1814,"10-4020-000514",29614,"2007-04-13","2007-04-08",FALSE,"2007-04-01",289,"SO49828","2007-04-08",2661.7813,88328.0713,8517.7002,99507.5528,"Product Code:2661"
"3820",1221,2224,"10-4020-000643",29973,"2007-04-13","2007-04-08",FALSE,"2007-04-01",277,"SO49859","2007-04-08",86.6454,2886.303,277.2652,3250.2136,"Product Code:86"
"3830",1231,5479,"10-4030-015882",15882,"2007-04-13","2007-04-08",TRUE,"2007-04-01",NA,"SO49904","2007-04-08",19.5748,782.99,62.6392,865.204,"Product Code:19"
"3850",1136,4630,"10-4030-014304",14304,"2007-04-11","2007-04-06",TRUE,"2007-03-30",NA,"SO49806","2007-04-06",51.2275,2049.0982,163.9279,2264.2536,"Product Code:51"
"3860",1126,5306,"10-4030-015562",15562,"2007-04-10","2007-04-05",TRUE,"2007-03-29",NA,"SO49796","2007-04-05",19.5748,782.99,62.6392,865.204,"Product Code:19"
"3870",1113,4643,"10-4030-014325",14325,"2007-04-09","2007-04-04",TRUE,"2007-03-28",NA,"SO49784","2007-04-04",51.2275,2049.0982,163.9279,2264.2536,"Product Code:51"
"3880",1123,9085,"10-4030-026758",26758,"2007-04-09","2007-04-04",TRUE,"2007-03-28",NA,"SO49790","2007-04-04",19.5748,782.99,62.6392,865.204,"Product Code:19"
"3890",1104,9079,"10-4030-026750",26750,"2007-04-07","2007-04-02",TRUE,"2007-03-26",NA,"SO49773","2007-04-02",19.5748,782.99,62.6392,865.204,"Product Code:19"
"3910",1079,4672,"10-4030-014380",14380,"2007-04-03","2007-03-29",TRUE,"2007-03-22",NA,"SO49748","2007-03-29",25.0109,1000.4375,80.035,1105.4834,"Product Code:25"
"3920",1077,9257,"10-4030-027285",27285,"2007-04-02","2007-03-28",TRUE,"2007-03-21",NA,"SO49742","2007-03-28",19.5748,782.99,62.6392,865.204,"Product Code:19"
"3930",1071,9175,"10-4030-027086",27086,"2007-04-01","2007-03-27",TRUE,"2007-03-20",NA,"SO49734","2007-03-27",51.2275,2049.0982,163.9279,2264.2536,"Product Code:51"
"3940",1058,8177,"10-4030-024007",24007,"2007-03-31","2007-03-26",TRUE,"2007-03-19",NA,"SO49725","2007-03-26",61.0838,2443.35,195.468,2699.9018,"Product Code:61"
"3950",1041,5501,"10-4030-015924",15924,"2007-03-30","2007-03-25",TRUE,"2007-03-18",NA,"SO49703","2007-03-25",54.5391,2181.5625,174.525,2410.6266,"Product Code:54"
"3970",1021,5556,"10-4030-016051",16051,"2007-03-28","2007-03-23",TRUE,"2007-03-16",NA,"SO49686","2007-03-23",54.5391,2181.5625,174.525,2410.6266,"Product Code:54"
"3980",1005,2675,"10-4030-011241",11241,"2007-03-26","2007-03-21",TRUE,"2007-03-14",NA,"SO49675","2007-03-21",51.2275,2049.0982,163.9279,2264.2536,"Product Code:51"
"3990",999,4617,"10-4030-014287",14287,"2007-03-25","2007-03-20",TRUE,"2007-03-13",NA,"SO49666","2007-03-20",51.2275,2049.0982,163.9279,2264.2536,"Product Code:51"
"4000",983,4987,"10-4030-015014",15014,"2007-03-24","2007-03-19",TRUE,"2007-03-12",NA,"SO49653","2007-03-19",51.7855,2071.4196,165.7136,2288.9187,"Product Code:51"
"4010",993,8166,"10-4030-023995",23995,"2007-03-24","2007-03-19",TRUE,"2007-03-12",NA,"SO49661","2007-03-19",61.0838,2443.35,195.468,2699.9018,"Product Code:61"
"4030",963,5298,"10-4030-015557",15557,"2007-03-21","2007-03-16",TRUE,"2007-03-09",NA,"SO49629","2007-03-16",19.5748,782.99,62.6392,865.204,"Product Code:19"
"4040",954,7378,"10-4030-020982",20982,"2007-03-20","2007-03-15",TRUE,"2007-03-08",NA,"SO49614","2007-03-15",19.5748,782.99,62.6392,865.204,"Product Code:19"
"4050",941,5294,"10-4030-015554",15554,"2007-03-19","2007-03-14",TRUE,"2007-03-07",NA,"SO49611","2007-03-14",19.5748,782.99,62.6392,865.204,"Product Code:19"
"4060",936,5498,"10-4030-015921",15921,"2007-03-18","2007-03-13",TRUE,"2007-03-06",NA,"SO49599","2007-03-13",61.0838,2443.35,195.468,2699.9018,"Product Code:61"
"4070",923,5590,"10-4030-016203",16203,"2007-03-17","2007-03-12",TRUE,"2007-03-05",NA,"SO49583","2007-03-12",54.5391,2181.5625,174.525,2410.6266,"Product Code:54"
"4090",908,9194,"10-4030-027107",27107,"2007-03-15","2007-03-10",TRUE,"2007-03-03",NA,"SO49572","2007-03-10",51.7855,2071.4196,165.7136,2288.9187,"Product Code:51"
"4100",901,8938,"10-4030-026533",26533,"2007-03-14","2007-03-09",TRUE,"2007-03-02",NA,"SO49564","2007-03-09",25.0109,1000.4375,80.035,1105.4834,"Product Code:25"
"4110",785,113,"10-4020-000025",29568,"2007-03-13","2007-03-08",FALSE,"2007-03-01",276,"SO49528","2007-03-08",23.192,803.0295,74.2143,900.4358,"Product Code:23"
"4120",795,325,"10-4020-000090",29707,"2007-03-13","2007-03-08",FALSE,"2007-03-01",277,"SO49473","2007-03-08",409.9803,13841.621,1311.9369,15563.5382,"Product Code:409"
"4130",805,545,"10-4020-000151",29584,"2007-03-13","2007-03-08",FALSE,"2007-03-01",276,"SO49522","2007-03-08",48.8403,1601.5227,156.2889,1806.6519,"Product Code:48"
"4150",825,1072,"10-4020-000300",29530,"2007-03-13","2007-03-08",FALSE,"2007-03-01",278,"SO49508","2007-03-08",41.3506,1376.4765,132.3218,1550.1489,"Product Code:41"
"4160",835,1459,"10-4020-000417",29659,"2007-03-13","2007-03-08",FALSE,"2007-03-01",275,"SO49491","2007-03-08",5.6714,183.9382,18.1486,207.7582,"Product Code:5"
"4170",845,1708,"10-4020-000489",29758,"2007-03-13","2007-03-08",FALSE,"2007-03-01",275,"SO49474","2007-03-08",74.1693,2472.3107,237.3418,2783.8218,"Product Code:74"
"4180",855,2013,"10-4020-000575",29746,"2007-03-13","2007-03-08",FALSE,"2007-03-01",277,"SO49476","2007-03-08",533.7686,17725.0947,1708.0595,19966.9228,"Product Code:533"
"4190",865,2173,"10-4020-000624",29842,"2007-03-13","2007-03-08",FALSE,"2007-03-01",281,"SO49456","2007-03-08",18.0795,624.7205,57.8543,700.6543,"Product Code:18"
"4210",885,5415,"10-4030-015739",15739,"2007-03-13","2007-03-08",TRUE,"2007-03-01",NA,"SO49554","2007-03-08",19.5748,782.99,62.6392,865.204,"Product Code:19"
"4220",772,5277,"10-4030-015532",15532,"2007-03-12","2007-03-07",TRUE,"2007-02-28",NA,"SO49442","2007-03-07",19.5748,782.99,62.6392,865.204,"Product Code:19"
"4230",761,5281,"10-4030-015538",15538,"2007-03-10","2007-03-05",TRUE,"2007-02-26",NA,"SO49430","2007-03-05",19.5748,782.99,62.6392,865.204,"Product Code:19"
"4240",749,5970,"10-4030-017096",17096,"2007-03-09","2007-03-04",TRUE,"2007-02-25",NA,"SO49414","2007-03-04",61.0838,2443.35,195.468,2699.9018,"Product Code:61"
"4250",733,3527,"10-4030-012302",12302,"2007-03-08","2007-03-03",TRUE,"2007-02-24",NA,"SO49402","2007-03-03",51.7855,2071.4196,165.7136,2288.9187,"Product Code:51"
"4270",725,6781,"10-4030-019326",19326,"2007-03-06","2007-03-01",TRUE,"2007-02-22",NA,"SO49390","2007-03-01",19.5748,782.99,62.6392,865.204,"Product Code:19"
"4280",711,6149,"10-4030-017752",17752,"2007-03-05","2007-02-28",TRUE,"2007-02-21",NA,"SO49373","2007-02-28",25.0109,1000.4375,80.035,1105.4834,"Product Code:25"
"4290",698,5274,"10-4030-015528",15528,"2007-03-04","2007-02-27",TRUE,"2007-02-20",NA,"SO49368","2007-02-27",19.5748,782.99,62.6392,865.204,"Product Code:19"
"4300",688,4653,"10-4030-014343",14343,"2007-03-03","2007-02-26",TRUE,"2007-02-19",NA,"SO49359","2007-02-26",25.0109,1000.4375,80.035,1105.4834,"Product Code:25"
"4310",675,4461,"10-4030-014048",14048,"2007-03-02","2007-02-25",TRUE,"2007-02-18",NA,"SO49344","2007-02-25",51.7855,2071.4196,165.7136,2288.9187,"Product Code:51"
"4330",670,8058,"10-4030-023523",23523,"2007-03-01","2007-02-24",TRUE,"2007-02-17",NA,"SO49336","2007-02-24",54.5391,2181.5625,174.525,2410.6266,"Product Code:54"
"4340",649,4659,"10-4030-014355",14355,"2007-02-27","2007-02-22",TRUE,"2007-02-15",NA,"SO49317","2007-02-22",25.0109,1000.4375,80.035,1105.4834,"Product Code:25"
"4350",637,4481,"10-4030-014071",14071,"2007-02-26","2007-02-21",TRUE,"2007-02-14",NA,"SO49307","2007-02-21",51.2275,2049.0982,163.9279,2264.2536,"Product Code:51"
"4360",625,3582,"10-4030-012388",12388,"2007-02-25","2007-02-20",TRUE,"2007-02-13",NA,"SO49295","2007-02-20",51.2275,2049.0982,163.9279,2264.2536,"Product Code:51"
"4370",614,4425,"10-4030-013994",13994,"2007-02-24","2007-02-19",TRUE,"2007-02-12",NA,"SO49288","2007-02-19",51.7855,2071.4196,165.7136,2288.9187,"Product Code:51"
"4390",609,9983,"10-4030-029412",29412,"2007-02-22","2007-02-17",TRUE,"2007-02-10",NA,"SO49270","2007-02-17",51.7855,2071.4196,165.7136,2288.9187,"Product Code:51"
"4400",601,9150,"10-4030-027056",27056,"2007-02-21","2007-02-16",TRUE,"2007-02-09",NA,"SO49268","2007-02-16",51.7855,2071.4196,165.7136,2288.9187,"Product Code:51"
"4410",589,6180,"10-4030-017793",17793,"2007-02-20","2007-02-15",TRUE,"2007-02-08",NA,"SO49247","2007-02-15",61.0838,2443.35,195.468,2699.9018,"Product Code:61"
"4420",580,9163,"10-4030-027074",27074,"2007-02-19","2007-02-14",TRUE,"2007-02-07",NA,"SO49243","2007-02-14",51.2275,2049.0982,163.9279,2264.2536,"Product Code:51"
"4430",568,8088,"10-4030-023593",23593,"2007-02-18","2007-02-13",TRUE,"2007-02-06",NA,"SO49238","2007-02-13",54.5391,2181.5625,174.525,2410.6266,"Product Code:54"
"4450",541,6795,"10-4030-019343",19343,"2007-02-16","2007-02-11",TRUE,"2007-02-04",NA,"SO49203","2007-02-11",19.5748,782.99,62.6392,865.204,"Product Code:19"
"4460",525,3581,"10-4030-012386",12386,"2007-02-15","2007-02-10",TRUE,"2007-02-03",NA,"SO49196","2007-02-10",51.7855,2071.4196,165.7136,2288.9187,"Product Code:51"
"4470",516,4520,"10-4030-014134",14134,"2007-02-14","2007-02-09",TRUE,"2007-02-02",NA,"SO49185","2007-02-09",51.2275,2049.0982,163.9279,2264.2536,"Product Code:51"
"4480",374,36,"10-4020-000009",29626,"2007-02-13","2007-02-08",FALSE,"2007-02-01",279,"SO49170","2007-02-08",122.5944,4085.4098,392.302,4600.3062,"Product Code:122"
"4490",384,245,"10-4020-000066",29699,"2007-02-13","2007-02-08",FALSE,"2007-02-01",278,"SO49069","2007-02-08",178.7878,6123.1246,572.1211,6874.0335,"Product Code:178"
"4510",404,595,"10-4020-000164",29717,"2007-02-13","2007-02-08",FALSE,"2007-02-01",283,"SO49043","2007-02-08",6.4521,209.256,20.6466,236.3547,"Product Code:6"
"4520",414,779,"10-4020-000217",29991,"2007-02-13","2007-02-08",FALSE,"2007-02-01",284,"SO49051","2007-02-08",37.2856,1242.8518,119.3138,1399.4512,"Product Code:37"
"4530",424,930,"10-4020-000258",30094,"2007-02-13","2007-02-08",FALSE,"2007-02-01",276,"SO49086","2007-02-08",1277.688,42594.4535,4088.6017,47960.7432,"Product Code:1277"
"4540",434,1157,"10-4020-000323",29590,"2007-02-13","2007-02-08",FALSE,"2007-02-01",277,"SO49135","2007-02-08",22.6978,736.1455,72.633,831.4763,"Product Code:22"
"4550",444,1286,"10-4020-000354",29515,"2007-02-13","2007-02-08",FALSE,"2007-02-01",278,"SO49072","2007-02-08",318.4445,10532.3468,1019.0225,11869.8138,"Product Code:318"
"4570",464,1663,"10-4020-000478",30042,"2007-02-13","2007-02-08",FALSE,"2007-02-01",289,"SO49087","2007-02-08",10.004,324.4527,32.0127,366.4694,"Product Code:10"
"4580",474,1848,"10-4020-000529",29784,"2007-02-13","2007-02-08",FALSE,"2007-02-01",276,"SO49074","2007-02-08",604.3813,20078.2551,1934.02,22616.6564,"Product Code:604"
"4590",484,1987,"10-4020-000568",29855,"2007-02-13","2007-02-08",FALSE,"2007-02-01",289,"SO49098","2007-02-08",37.2856,1242.8518,119.3138,1399.4512,"Product Code:37"
"4600",494,2279,"10-4020-000653",30108,"2007-02-13","2007-02-08",FALSE,"2007-02-01",289,"SO49085","2007-02-08",700.9941,23124.2315,2243.181,26068.4066,"Product Code:700"
"4610",504,2440,"10-4020-000697",29818,"2007-02-13","2007-02-08",FALSE,"2007-02-01",276,"SO49095","2007-02-08",2013.5388,66265.3313,6443.3243,74722.1944,"Product Code:2013"
"4630",360,5260,"10-4030-015501",15501,"2007-02-11","2007-02-06",TRUE,"2007-01-30",NA,"SO49027","2007-02-06",19.5748,782.99,62.6392,865.204,"Product Code:19"
"4640",356,7964,"10-4030-023116",23116,"2007-02-10","2007-02-05",TRUE,"2007-01-29",NA,"SO49022","2007-02-05",54.5391,2181.5625,174.525,2410.6266,"Product Code:54"
"4650",345,9049,"10-4030-026698",26698,"2007-02-08","2007-02-03",TRUE,"2007-01-27",NA,"SO49011","2007-02-03",51.2275,2049.0982,163.9279,2264.2536,"Product Code:51"
"4660",342,9964,"10-4030-029380",29380,"2007-02-07","2007-02-02",TRUE,"2007-01-26",NA,"SO49001","2007-02-02",51.7855,2071.4196,165.7136,2288.9187,"Product Code:51"
"4670",327,8027,"10-4030-023410",23410,"2007-02-05","2007-01-31",TRUE,"2007-01-24",NA,"SO48993","2007-01-31",54.5391,2181.5625,174.525,2410.6266,"Product Code:54"
"4690",302,5894,"10-4030-016824",16824,"2007-02-03","2007-01-29",TRUE,"2007-01-22",NA,"SO48964","2007-01-29",54.5391,2181.5625,174.525,2410.6266,"Product Code:54"
"4700",295,8037,"10-4030-023417",23417,"2007-02-02","2007-01-28",TRUE,"2007-01-21",NA,"SO48959","2007-01-28",54.5391,2181.5625,174.525,2410.6266,"Product Code:54"
"4710",279,4401,"10-4030-013957",13957,"2007-01-31","2007-01-26",TRUE,"2007-01-19",NA,"SO48947","2007-01-26",51.7855,2071.4196,165.7136,2288.9187,"Product Code:51"
"4720",277,8717,"10-4030-026013",26013,"2007-01-30","2007-01-25",TRUE,"2007-01-18",NA,"SO48941","2007-01-25",61.0838,2443.35,195.468,2699.9018,"Product Code:61"
"4730",255,3649,"10-4030-012560",12560,"2007-01-28","2007-01-23",TRUE,"2007-01-16",NA,"SO48921","2007-01-23",51.2275,2049.0982,163.9279,2264.2536,"Product Code:51"
"4750",238,3625,"10-4030-012492",12492,"2007-01-26","2007-01-21",TRUE,"2007-01-14",NA,"SO48904","2007-01-21",51.2275,2049.0982,163.9279,2264.2536,"Product Code:51"
"4760",230,6102,"10-4030-017632",17632,"2007-01-25","2007-01-20",TRUE,"2007-01-13",NA,"SO48896","2007-01-20",54.5391,2181.5625,174.525,2410.6266,"Product Code:54"
"4770",221,4224,"10-4030-013650",13650,"2007-01-24","2007-01-19",TRUE,"2007-01-12",NA,"SO48891","2007-01-19",51.2275,2049.0982,163.9279,2264.2536,"Product Code:51"
"4780",217,8420,"10-4030-024921",24921,"2007-01-23","2007-01-18",TRUE,"2007-01-11",NA,"SO48884","2007-01-18",25.0109,1000.4375,80.035,1105.4834,"Product Code:25"
"4790",209,8421,"10-4030-024922",24922,"2007-01-22","2007-01-17",TRUE,"2007-01-10",NA,"SO48875","2007-01-17",25.0109,1000.4375,80.035,1105.4834,"Product Code:25"
"4810",190,9833,"10-4030-028904",28904,"2007-01-20","2007-01-15",TRUE,"2007-01-08",NA,"SO48849","2007-01-15",51.2275,2049.0982,163.9279,2264.2536,"Product Code:51"
"4820",181,6150,"10-4030-017753",17753,"2007-01-19","2007-01-14",TRUE,"2007-01-07",NA,"SO48840","2007-01-14",61.0838,2443.35,195.468,2699.9018,"Product Code:61"
"4830",156,5891,"10-4030-016821",16821,"2007-01-16","2007-01-11",TRUE,"2007-01-04",NA,"SO48823","2007-01-11",61.0838,2443.35,195.468,2699.9018,"Product Code:61"
"4840",151,4402,"10-4030-013958",13958,"2007-01-15","2007-01-10",TRUE,"2007-01-03",NA,"SO48820","2007-01-10",51.2275,2049.0982,163.9279,2264.2536,"Product Code:51"
"4850",142,5776,"10-4030-016552",16552,"2007-01-14","2007-01-09",TRUE,"2007-01-02",NA,"SO48808","2007-01-09",61.0838,2443.35,195.468,2699.9018,"Product Code:61"
"4870",77,672,"10-4020-000184",29937,"2007-01-13","2007-01-08",FALSE,"2007-01-01",275,"SO48745","2007-01-08",266.7871,8874.407,853.7187,9994.9128,"Product Code:266"
"4880",87,951,"10-4020-000265",29613,"2007-01-13","2007-01-08",FALSE,"2007-01-01",290,"SO48774","2007-01-08",114.9727,3847.9347,367.9125,4330.8199,"Product Code:114"
"4890",97,1290,"10-4020-000355",29909,"2007-01-13","2007-01-08",FALSE,"2007-01-01",290,"SO48755","2007-01-08",747.8581,24987.5865,2393.1458,28128.5904,"Product Code:747"
"4900",107,1677,"10-4020-000480",29761,"2007-01-13","2007-01-08",FALSE,"2007-01-01",278,"SO48762","2007-01-08",84.5629,2818.764,270.6013,3173.9282,"Product Code:84"
"4910",117,2087,"10-4020-000594",29647,"2007-01-13","2007-01-08",FALSE,"2007-01-01",277,"SO48770","2007-01-08",1074.2637,35765.7551,3437.644,40277.6628,"Product Code:1074"
"4930",57,3943,"10-4030-013111",13111,"2007-01-12","2007-01-07",TRUE,"2006-12-31",NA,"SO48728","2007-01-07",51.7855,2071.4196,165.7136,2288.9187,"Product Code:51"
"4940",53,7902,"10-4030-022930",22930,"2007-01-11","2007-01-06",TRUE,"2006-12-30",NA,"SO48721","2007-01-06",61.0838,2443.35,195.468,2699.9018,"Product Code:61"
"4950",42,5726,"10-4030-016466",16466,"2007-01-10","2007-01-05",TRUE,"2006-12-29",NA,"SO48708","2007-01-05",54.5391,2181.5625,174.525,2410.6266,"Product Code:54"
"4960",28,3947,"10-4030-013115",13115,"2007-01-09","2007-01-04",TRUE,"2006-12-28",NA,"SO48699","2007-01-04",51.2275,2049.0982,163.9279,2264.2536,"Product Code:51"
"4970",19,4268,"10-4030-013728",13728,"2007-01-08","2007-01-03",TRUE,"2006-12-27",NA,"SO48685","2007-01-03",61.0838,2443.35,195.468,2699.9018,"Product Code:61"
